rating,reviews,sentiment,Subjectivity,Polarity,Analysis,target
4.0,best quality & value moneysound quality superb noise cancellation extremely well bass quality need improve ment.,0.43125,0.7,0.43125,Positive,2
4.0,great sound qualityoverall great thing thats poor range even half meter! rest good,0.34861111111111115,0.5444444444444444,0.34861111111111115,Positive,2
4.0,good one price rangegood battery backup,0.7,0.6000000000000001,0.7,Positive,2
4.0,atifgood,0.0,0.0,0.0,Neutral,1
4.0,value moneyit's good headphone compared price. previously i used sony headphone bit expensive. but i surly say headphone give satisfactory quality.,0.011111111111111108,0.48888888888888893,0.011111111111111108,Positive,2
4.0,good headsetlike color bass,0.27499999999999997,0.55,0.27499999999999997,Positive,2
4.0,good year use cousin covering get torn timebuild quality good enough cousin cover get torn use fit get loose battery life decent,0.31495726495726495,0.505982905982906,0.31495726495726495,Positive,2
4.0,goodlike,0.0,0.0,0.0,Neutral,1
4.0,goodliked,0.0,0.0,0.0,Neutral,1
4.0,nice productear fitting pain getting placed ear,0.55,0.75,0.55,Positive,2
4.0,nice good,0.6499999999999999,0.8,0.6499999999999999,Positive,2
4.0,it's much comfortable audio wise bestin audio wise good comfortable slip ur head sometimes noise cancellation dolby atmos everything.,0.58,0.8,0.58,Positive,2
3.0,sound good uncomfortable long usecons -the bass quality ok..not good like previous headphone brand price range..and build quality also average made plastic..and painfull ear wear long time.. your ear can even swell.pros -sound quality good per price range...bass also ok long time use...no connectivity issues...connects perfect aux cable pc.battery backup awsm..it charge quickly.,0.2411111111111111,0.5244444444444445,0.2411111111111111,Positive,2
4.0,"great casual listening.you get pay for. the sound quality bass top notch, pretty good casual use.the main problem little tight, even smaller face.",0.10838293650793647,0.5918650793650794,0.10838293650793647,Positive,2
4.0,oknot bad,-0.6999999999999998,0.6666666666666666,-0.6999999999999998,Negative,0
4.0,it's nice productnice product,0.6,1.0,0.6,Positive,2
4.0,good productin price good product. satisfy,0.7,0.6000000000000001,0.7,Positive,2
4.0,not bedgood,0.0,0.0,0.0,Neutral,1
4.0,goodgood,0.0,0.0,0.0,Neutral,1
4.0,good 1000 budgetthing good sound awesomebut quality plastic somewhat cheap. comfort also good as ear,0.5799999999999998,0.58,0.5799999999999998,Positive,2
4.0,worth buying 899i received product scratch clearly see pictures.overall good quality build better sound quality justifies price.,0.4,0.39666666666666667,0.4,Positive,2
4.0,rockrez 370more 1 month used superb battery backup. sound quality moderate,0.4666666666666666,0.6999999999999998,0.4666666666666666,Positive,2
4.0,good productmic & bass good.,0.4166666666666667,0.5666666666666668,0.4166666666666667,Positive,2
4.0,nice much priceworth expect much,0.3333333333333333,0.4666666666666666,0.3333333333333333,Positive,2
4.0,"too heavy ear using form 3monthsto havey,started paining ear log use",-0.2,0.5,-0.2,Negative,0
4.0,soundgood,0.0,0.0,0.0,Neutral,1
4.0,goodgood,0.0,0.0,0.0,Neutral,1
4.0,nice productnice product,0.6,1.0,0.6,Positive,2
4.0,i like sound itthe medium could loaded. the sound threat correct,0.4,0.4,0.4,Positive,2
4.0,"handphone good.sound quality good, noise cancellation work becouse handphone cup small, bass quality good...",0.24999999999999997,0.525,0.24999999999999997,Positive,2
4.0,"decent oneear muff soft, feeling pain wearing",0.13333333333333333,0.5083333333333333,0.13333333333333333,Positive,2
4.0,good quality lowest pricegood quality price compare one. but it's quality can't compare sony jbl. bass quality improved. one thing i trying connect samsung led tv bt can't. i think drawback headphone.,0.27499999999999997,0.55,0.27499999999999997,Positive,2
4.0,"amazing performancequality awesome, best price, good stuff",0.825,0.7,0.825,Positive,2
4.0,"average product comfortablethis headphone good battery backup, good range, good sound music listener like bass headphone bass would get earphone. and uncomfortable ear wear long time, clamping force high suggest buy comfortable ear padding replace it.",0.18727272727272729,0.5763636363636363,0.18727272727272729,Positive,2
4.0,best productthe medium could loaded.,1.0,0.3,1.0,Positive,2
4.0,worth buy price rangesound quality good compare price. light weight product. super battery back up... overall good product,0.3476190476190476,0.38095238095238093,0.3476190476190476,Positive,2
3.0,good purpose listening music audio recommend office conferencegood purpose listening music audio recommend office conference,0.7,0.6000000000000001,0.7,Positive,2
4.0,"goodsound quality good,nice performance i like",0.0,0.0,0.0,Neutral,1
4.0,everything is good.everything is good but some scratch on headphone's body and main boxes. so that's why i return this and i want to new headphone,0.33434343434343433,0.46262626262626266,0.33434343434343433,Positive,2
3.0,one ear workingonly one side work side work fluctuate,0.0,0.0,0.0,Neutral,1
3.0,overall good compairing money.good keep ear long. too much painful uncomfortable.,-0.11000000000000001,0.58,-0.11000000000000001,Negative,0
4.0,great online meetingsgreat online meeting good little binge watching rupee 750 bought,0.4375,0.6166666666666667,0.4375,Positive,2
4.0,sound qualitysound quality good... compare price noice md bass good,0.4125,0.525,0.4125,Positive,2
4.0,"true thing headphone:-everything best headphones, yes build quality could improve lot.otherwise sound quality,bass quality,noise cancellation great price range.",0.6375,0.525,0.6375,Positive,2
4.0,"boat rockerz 370 reviewthe product good build quality average. at price range, build quality expected.sound quality also good i experienced noise cancellation.we can't wear headphone 1.5hours. it start paining 1.5-2hours.",0.5125,0.625,0.5125,Positive,2
3.0,okok,0.0,0.0,0.0,Neutral,1
3.0,"good sound quality, mic good (not suggested office calls)1) the quality sound good, battery go longer.2) mic good, person cannot hear,3) feel bit tightness head.my old jbl 460t far better here, issues. so buy again.good want hear music, good office calls.",0.5000000000000001,0.55,0.5000000000000001,Positive,2
5.0,voice separation quality song goodsuperb battery performance good sound quality nice bass base voice separation must update perform good,0.2416666666666667,0.6833333333333332,0.2416666666666667,Positive,2
3.0,"value money comfortablesound quality, bluetooth connectivity bass quality good. it light weight. battery life also great.the thing i like product comfortable. the use get loose slip ear plastic body.",0.25461538461538463,0.5738461538461539,0.25461538461538463,Positive,2
4.0,"good moneybass quality great, good pick price. even charge standing long hours...",0.5375000000000001,0.5875,0.5375000000000001,Positive,2
4.0,"good price....looks good, bass ok, much comfort sound good. microphone calling good. 4 star rating looks, sound price.",0.46111111111111114,0.48888888888888893,0.46111111111111114,Positive,2
3.0,return product replace headphone getting automatically turn offreturn product replace headphone getting automatically turn,0.0,0.0,0.0,Neutral,1
4.0,"good one low price.this product overall good. because price, good bass also.",0.32499999999999996,0.4333333333333334,0.32499999999999996,Positive,2
4.0,good price....total plastic material...,0.7,0.6000000000000001,0.7,Positive,2
4.0,it nice product comfortable 30 45 min ear start hurting.i like product comfortable.,0.4666666666666666,0.8666666666666667,0.4666666666666666,Positive,2
3.0,about headphoneeverything nice headphone connected listen anything 1 minute get disconnected,0.6,1.0,0.6,Positive,2
5.0,"best segmentthis headphone made music expect use gaming(because high latency cannot used gaming) best thing headphone look music(a complete bass vocal feel). these regularly used long period time(like 3-4 hrs). and last thing battery, completly charge 2hrs 30mins used 11hrsðŸ¤¯",0.25750000000000006,0.322948717948718,0.25750000000000006,Positive,2
4.0,good product price rangegood product price range,0.7,0.6000000000000001,0.7,Positive,2
3.0,goodgood,0.0,0.0,0.0,Neutral,1
4.0,average product tbhlove lightweight ..it doesnt feel like actually wearing headphone...the main problem u wear long time ear hurt outside great loved,0.20952380952380953,0.4047619047619047,0.20952380952380953,Positive,2
5.0,secret santa giftthe headphone secret santa gift i hope person like i personally like boat headphone yeah,-0.26666666666666666,0.5666666666666667,-0.26666666666666666,Negative,0
5.0,good moneywell sound quality superb price bass loud hurt ear buzz high volume . ear pad comfortable soft wear long time . battery life charging i say tested . only draw back build quality good feel like cheap plastic also non folding travel either wear neck buy case,0.28923076923076924,0.5915384615384616,0.28923076923076924,Positive,2
3.0,bluetooth connectivity poorbluetooth connectivity poor,-0.4,0.6,-0.4,Negative,0
3.0,battery charging issuebattery drain fast . good asthetic appeal . asked green option send black . any way itâ€™s ok . not fancy work fine . over rating 3 5,0.24166666666666667,0.48888888888888893,0.24166666666666667,Positive,2
3.0,mike uselessmike useless,-0.5,0.2,-0.5,Negative,0
3.0,in budget. it's good product.,0.7,0.6000000000000001,0.7,Positive,2
4.0,"budget productonly issue charging, light indicator working.",0.4,0.7,0.4,Positive,2
5.0,ok really good quality sound ok bass awesome i like bass i like sound quality,0.4,0.55,0.4,Positive,2
3.0,within month broke automaticallybuild quality bad,-0.6999999999999998,0.6666666666666666,-0.6999999999999998,Negative,0
4.0,goodcomfort,0.0,0.0,0.0,Neutral,1
4.0,comfort much goodit tight ears.,0.010714285714285718,0.24285714285714285,0.010714285714285718,Positive,2
4.0,nicegood,0.0,0.0,0.0,Neutral,1
5.0,"sound quality greatthis good product sound quality superb. once charged, battery stay long.",0.49000000000000005,0.5599999999999999,0.49000000000000005,Positive,2
5.0,good sound qualitygood product,0.55,0.5,0.55,Positive,2
4.0,quality product goodgood product. bass quality nice. sound clarity good.,0.38749999999999996,0.625,0.38749999999999996,Positive,2
4.0,"good budget productit's decent budget product boat.this surely look premium ny esthetics.cushion pad soft comfortable.extension available per size.while, really enoy bass this.it's amazing soft songs, like prateet kuhad, relax couch.but maybe like travelling crowded market so.charging long lasting.packaging good, make great gift option, maybe little cousins.",0.29839743589743595,0.5465811965811966,0.29839743589743595,Positive,2
4.0,mzok,0.0,0.0,0.0,Neutral,1
3.0,speaker effective handle basso deply recommend headphone love hear base . and headphone make tik tik sound listening base type music .this make listening experience worst frustrated.but overall good can't talk base headset,-0.13333333333333336,0.7111111111111111,-0.13333333333333336,Negative,0
5.0,it's really awesomecharging level awesome,0.6,0.6,0.6,Positive,2
5.0,wonderfulvery good,0.7,0.6000000000000001,0.7,Positive,2
4.0,"average headphone good mic qualityhey purchased headphone mostly microphone online classes. a microphone top priority i tested microphone quite lot bot pc phone music late night study :)pros----very nice microphone , person able hear properly even far device. one thing note pc use ag handsfree calling mode stereo else able listen anything ppl saying. also ag mono channel degrades sound quality u get headphones.but headphone issue bluetooth mess one bother fix.----battery lifebattery life quite good tbh easily last 3 4 day u mostly online class little music listening night :)----connectivityconnectivity pretty solid wall yeah bit struggle considering congested airspace radiowaves blasting connection pretty solid.cons:-----buildbuild cheap hollow , expect cheap feel like toy sturdy , handle care-----sound qualitysound quality average tbh , 50% volume good , u go around 20% 25% headphone start skip beat lower amplitude , dont know unit every time. and wonder listen 20% coz night 20% feel like 60% day coz perceive volume relative volumes/loudness.-----comfortwell bit comfy person soo much comfortable , mean 1hr done take break 5 min , good thing u think ear still",0.25750000000000006,0.5609722222222222,0.25750000000000006,Positive,2
5.0,good qualitybest product best noise cancellation .,0.85,0.45000000000000007,0.85,Positive,2
5.0,"best product in priceawesome product loved , sound quality another level battery backup also good, best product price. but minor problem i play full volume kind vibrating sound annoying.",0.43,0.5350000000000001,0.43,Positive,2
4.0,nice oneitâ€™s good,0.6499999999999999,0.8,0.6499999999999999,Positive,2
3.0,packing good dust inside packing minor scratch n damage. overall product goodpacking worst little scratch n damage product sound good noise better bass better,0.14125000000000001,0.48,0.14125000000000001,Positive,2
5.0,great per priceas per price product total worth,0.3666666666666667,0.5333333333333333,0.3666666666666667,Positive,2
5.0,average productnot value money worth nhi hai go,0.075,0.25,0.075,Positive,2
3.0,this perfect headphone build quality cheap rest feature osumdislike plastic build,0.7,0.85,0.7,Positive,2
4.0,worth pricethe charging cable working.,0.3,0.1,0.3,Positive,2
3.0,"sound quality good. however, product flexible.sound quality good. however, product flexible. when i adjusted put ears, i felt bit uncomfortable.",0.325,0.65,0.325,Positive,2
4.0,good.nice product price range. sound quality good.,0.55,0.5,0.55,Positive,2
4.0,comfortableall thing good price comfortable...ear going pain using 1hour...,0.7,0.6000000000000001,0.7,Positive,2
4.0,good quality,0.7,0.6000000000000001,0.7,Positive,2
3.0,go boat headphone higher versionsthese headphone good bass i suggest go higher version like boat 550 600 boat 370 definitely dissappoints term bass expectations. boat 370 good mic quality low weight. we wear headphone 2 3 hour easily.,0.22592592592592592,0.537037037037037,0.22592592592592592,Positive,2
3.0,averageaverage quality sound...,0.4,0.4,0.4,Positive,2
5.0,very good boat rockerz 370 productvery nice,0.7549999999999999,0.8900000000000001,0.7549999999999999,Positive,2
4.0,"ear hurt >1hr contd uselove product, my/bf's ear hurt contd use.",0.0,0.0,0.0,Neutral,1
5.0,this headphone amazing mind-blowingi love sound,0.5,0.6333333333333333,0.5,Positive,2
5.0,sound qualitythis nice piece price awesome...,0.6666666666666666,0.7999999999999999,0.6666666666666666,Positive,2
4.0,goodcompared good,0.7,0.6000000000000001,0.7,Positive,2
5.0,totaly best product supplied me. thanks.i liked sound quality & noise cancellation.,0.6666666666666666,0.5,0.6666666666666666,Positive,2
3.0,.all round product fine uncomfortable ear hurts...,-0.09444444444444444,0.6333333333333333,-0.09444444444444444,Negative,0
5.0,very nice soundvery good product,0.74,0.8,0.74,Positive,2
4.0,"it's beautiful powerful time.so i got i first tried it, i amazed. i found voice line funny. the battery life super duper good. 8 hour battery life written website amazon 12 hour written.... that kind confusing me. i got black color gorgeous. the charging time really bad.....2-3 hour full charge? and i like everything else! it really good device.",0.3733974358974359,0.6602564102564104,0.3733974358974359,Positive,2
5.0,okgood,0.0,0.0,0.0,Neutral,1
4.0,connectivity issue macbookthis quite good..sound quality good but connectivity issue macbook. not working mac else good choice headphone,0.7,0.6000000000000001,0.7,Positive,2
3.0,sound great small sizethey small size uncomfortable wear long time sound good,0.15625000000000003,0.54375,0.15625000000000003,Positive,2
3.0,good sound cheap buildbroke within 3 month using,0.5,0.5666666666666667,0.5,Positive,2
4.0,looking nala irku sound quality nala irku video irku paarungathe medium could loaded.,0.4,0.4,0.4,Positive,2
5.0,mastmast,0.0,0.0,0.0,Neutral,1
4.0,at price goodwe also get wire pin case bluetooth damanged. really liked option.,0.6,0.8,0.6,Positive,2
4.0,sound quality goodbattery backup good,0.55,0.5,0.55,Positive,2
4.0,"money worthynice quality sound driver, great mic performance, great movie song gaming experience.",0.6666666666666666,0.6333333333333333,0.6666666666666666,Positive,2
4.0,good headphone priceif big ear get headphone,0.35,0.35000000000000003,0.35,Positive,2
3.0,four month usingoverall sound bass quality excellent built quality suck broke un usable,0.4166666666666667,0.6333333333333333,0.4166666666666667,Positive,2
4.0,nicenice,0.0,0.0,0.0,Neutral,1
3.0,"look repaired.there wire sticking seen picture look like glue put fix left out. please replace exact item, new, repaired one. otherwise happy product.",0.2965909090909091,0.42613636363636365,0.2965909090909091,Positive,2
3.0,ok okmicrophone good.,0.6,0.55,0.6,Positive,2
3.0,baddon't buy item,0.0,0.0,0.0,Neutral,1
4.0,excellent productgreat product go it.,1.0,1.0,1.0,Positive,2
4.0,"well everything great.after day color fading.i liked much, rest people know.",0.4,0.5,0.4,Positive,2
3.0,regular headset...not hard bass..not gameing atleastjust normal use ..,-0.04722222222222223,0.42286324786324786,-0.04722222222222223,Negative,0
3.0,"average plastic and comfortthe sound quality product fine, get price range, talking plastic used delicate, may break really fast careful handling",0.07777777777777779,0.6333333333333334,0.07777777777777779,Positive,2
3.0,bass worst.not good,0.27499999999999997,0.55,0.27499999999999997,Positive,2
4.0,"amazing quality outputamazing quality output, love design too.",0.55,0.75,0.55,Positive,2
4.0,happy qualitygood quality product received scratch,0.8,1.0,0.8,Positive,2
4.0,great productgreat product best sound,0.7333333333333334,0.4833333333333334,0.7333333333333334,Positive,2
4.0,all good except bassall good except bass,0.4166666666666667,0.5666666666666668,0.4166666666666667,Positive,2
5.0,good productthis good product i also happy product.connectivity battery service awesome,0.8,0.8,0.8,Positive,2
5.0,fantastici liked battery backup mostly. sound quality aslo superb. fit perfectly. someone definitely buy .,0.5666666666666667,0.6833333333333332,0.5666666666666667,Positive,2
4.0,sound quality good itâ€™s noy comfortable big ear sizei using product almost 1 weak sound quality good itâ€™s comfortable large ear size,0.31547619047619047,0.5281746031746032,0.31547619047619047,Positive,2
4.0,qulityi dislike quality product,0.0,0.0,0.0,Neutral,1
4.0,very nice nd compatiblei liked quality nd timely delivery.. itâ€™s worth price nd good quality,0.595,0.625,0.595,Positive,2
5.0,very good productcharging 2 day,0.9099999999999999,0.7800000000000001,0.9099999999999999,Positive,2
3.0,very good productmis assembled left ear right vice versa,0.3985714285714286,0.4385714285714286,0.3985714285714286,Positive,2
5.0,very nice very good product,0.845,0.8900000000000001,0.845,Positive,2
5.0,nyc product good soundover good performance easy use,0.611111111111111,0.6777777777777779,0.611111111111111,Positive,2
5.0,best product good qualitygood sound quality bass quality best,0.5900000000000001,0.42000000000000004,0.5900000000000001,Positive,2
4.0,bluetooth best quality hear song aux best,1.0,0.3,1.0,Positive,2
4.0,goodits goodspecially long time use battery,-0.05,0.4,-0.05,Negative,0
4.0,can't wear long timeokaish product. can't wear long time really painful. better buy product.,-0.07499999999999998,0.55,-0.07499999999999998,Negative,0
4.0,nice producteverything nice mic!!!,0.8,1.0,0.8,Positive,2
4.0,legendarybass feel like dj full volume voice never corrupt,0.3,0.775,0.3,Positive,2
4.0,vol control inconvenient uselisten movie night,-0.6,1.0,-0.6,Negative,0
5.0,like producti like product,0.0,0.0,0.0,Neutral,1
4.0,very goodgood sound worth price,0.30000000000000004,0.26666666666666666,0.30000000000000004,Positive,2
4.0,"it's charging!!!!the medium could loaded. i received yesterday, fine good i put charge. it showing indication charging... and atomatically disconnected bluetooth. and blue light blinking...",0.37916666666666665,0.47500000000000003,0.37916666666666665,Positive,2
5.0,nicevery nice product,0.6,1.0,0.6,Positive,2
5.0,astounding productwonderful product stunning quality. i loved much.,0.5,0.75,0.5,Positive,2
5.0,good quality n comfortableall well,0.7,0.6000000000000001,0.7,Positive,2
5.0,it awesom,0.0,0.0,0.0,Neutral,1
5.0,mindblowingproduct amazing....as i've used boat product earlier....so i'm satisfied product......& indeed awsme & trustworthy......sound quality damn good ðŸ¤©ðŸ¤©ðŸ¥³ðŸ¥³,0.6,0.8,0.6,Positive,2
3.0,no noicefor music okfor voice callnot good,0.7,0.6000000000000001,0.7,Positive,2
5.0,i another world i played song it.too good headset. go it. i another world i played song it. boat simply awesome,0.85,0.8,0.85,Positive,2
5.0,beautiful headphonesbest quality beautiful sound. most good looking black gold.,0.5222222222222223,0.6555555555555556,0.5222222222222223,Positive,2
5.0,great qualityi used 2 month feeling good product boat products. all product awosme quality.,0.75,0.675,0.75,Positive,2
4.0,listening experience greatthis headphone sound great come sound test/quality. but plastic material used head seems kinda fragile. it broke month careful usage.,0.3,0.61,0.3,Positive,2
5.0,niceaachha hai,0.0,0.0,0.0,Neutral,1
5.0,suberbamazing,0.0,0.0,0.0,Neutral,1
4.0,good productsound quality good,0.7,0.6000000000000001,0.7,Positive,2
3.0,"boat headphone reviewsound noice good ear cup smaller ear,so cant used long time,its used painful.",-0.012500000000000011,0.6,-0.012500000000000011,Negative,0
3.0,this headphone good sound quality much good size little small scratch headphone,0.2725,0.5,0.2725,Positive,2
5.0,best headphone segment pl buy itbest value money .,1.0,0.3,1.0,Positive,2
4.0,goodgood,0.0,0.0,0.0,Neutral,1
5.0,ultimateproduct total paisa wasool,0.0,0.75,0.0,Neutral,1
5.0,awesomenice productthankyou amazon,0.0,0.0,0.0,Neutral,1
5.0,it best ever big headthe medium could loaded. i like,0.5,0.2,0.5,Positive,2
5.0,ear friendly devicesits comfortably ear.,0.3875,0.65,0.3875,Positive,2
3.0,not good music. good call meetingsnot good music. good call meeting,0.43749999999999994,0.6000000000000001,0.43749999999999994,Positive,2
4.0,"i rebel, i calling buying product become happy osm product.i like iti rebel kumar.ðŸ¥ƒðŸ¥ƒðŸ¥ƒðŸ¥ƒkya baat hi know boat best minimum amount.",0.9,0.65,0.9,Positive,2
5.0,good soundgood product,0.7,0.6000000000000001,0.7,Positive,2
5.0,good like clearity sound.provide surround sound also.worth it.value money,0.55,0.5,0.55,Positive,2
3.0,nana,0.0,0.0,0.0,Neutral,1
5.0,"boat always exceed expectation price rangewasn't expecting boat deliver good sound quality price range, worth buying",0.46666666666666673,0.3666666666666667,0.46666666666666673,Positive,2
5.0,awesomewow wonderful product charge extended upto 18 hours...so great must buy...best student,0.9,0.875,0.9,Positive,2
5.0,okthe medium could loaded.,0.0,0.0,0.0,Neutral,1
2.0,"cheap plastic, average product. sound distorted high volume.edit: after 1 year usage.the headphone start developing crack overhead plastic band, padding earcups head band started coming off. the boat logo completely vanished (all happened even taking utmost care). the sound still fine.please aware cheap plastic poor built quality headphone. instead buy blaupunkt bh01 eqz headphone best price.ps. the gold plating aux cable come creating much disturbance connecting listening music rendering useless.edit: the sound cut-offs annoying watching film playing. you can't hear dialogue low volume.honest review 46 day usage...pros:â€¢ good sound quality, vocal crystal clear. nice see aux cable bundled box itself.â€¢ you get rich bass bluetooth average bass using wired connection.â€¢ the ear cup padded good quality foam faux leather, pain continuous use (used 2-2.5 hour still comfortable).â€¢ value money, got 1099/- only.â€¢ not bass heavy tweak setting get good bass.â€¢ good fit design.â€¢ good battery backup, got 7 hrs+ single charge. full charge take 2-3 hours, orange led go fully charged.â€¢ build quality good considering price product.â€¢ call quality average (the speaker loud). the headphone also tell callerâ€™s number incoming call.â€¢ the latency also acceptable price point.cons:â€¢ on bluetooth, volume kept low music low pitch, sometimes left-right speaker turn on off automatically. (it eliminated keeping volume bar 50%, also problem connected using aux cable). i saw problem boat rockerz 450 well.â€¢ when kept 100% volume sound tends get distorted. (its thd-total harmonic distortion â‰¤5%, whereas good headphone â‰¤1%)â€¢ the aux cable seems thin careful handling it.â€¢ the earcups sweat resistant take care it.",0.21721428571428567,0.5209404761904762,0.21721428571428567,Positive,2
5.0,bahut jyada behtar boat headponethe medium could loaded.,0.0,0.0,0.0,Neutral,1
5.0,goodjust awsome,0.0,0.0,0.0,Neutral,1
4.0,miconly mic quality good,0.7,0.6000000000000001,0.7,Positive,2
3.0,"averagelight weight, sound quality differs depending device compatibility, ipad sound good mi note 9 pro poor quality, i'm using one plus nord 2t, sound quality average.",0.225,0.4666666666666666,0.225,Positive,2
5.0,good product good product,0.7,0.6000000000000001,0.7,Positive,2
4.0,"nice headphonescan't fit larger head, little ear pain wearing 1 hr,sound quality awesome,battery's awesome,nice headphone",0.203125,0.6,0.203125,Positive,2
3.0,"great choicepurchased 999, basis great choice!! good battery back sound quality!!",0.625,0.5,0.625,Positive,2
4.0,don't buy need long use ....in case wear long duration ear get heated damage ear ...and u use short duration buy good student's,0.15,0.42500000000000004,0.15,Positive,2
5.0,valid money.valid money. i got offer. it worth buying it. we use bluetooth wire.,0.3,0.1,0.3,Positive,2
4.0,"good work macbook airit's decent one pricing work macbook air. my purpose served. if looking pair apple devices, please buy this.",0.4333333333333333,0.6333333333333333,0.4333333333333333,Positive,2
4.0,malfunctioningit malfunctioning,0.0,0.0,0.0,Neutral,1
4.0,it's decent headphone 1500.it's decent headphone 1500.,0.16666666666666666,0.6666666666666666,0.16666666666666666,Positive,2
4.0,nice one buyvery like,0.6,1.0,0.6,Positive,2
5.0,before warranty breaki have bought rockerz 370 boat headphone 8 oct 2021 ..it broken got loosed i touched it... it's condition picture... pls replace headphone...as give 1 year warranty i warranty card too.. i want replaced.. a completed 1year yet....,-0.4,0.4,-0.4,Negative,0
5.0,sound quality really goodi used gym sound quality really give energy,0.3,0.3,0.3,Positive,2
4.0,pretty goodheadphones good pretty tight,0.25535714285714284,0.7214285714285714,0.25535714285714284,Positive,2
5.0,value priceit's value price,0.0,0.0,0.0,Neutral,1
4.0,best sound qualityif go wireless 12 hr playback wired get long time purpose hurt ear. otherwise product good.,0.5125,0.42500000000000004,0.5125,Positive,2
3.0,"average product. not worth â‚¹500when i received , battery issue first one .but received defective exchanged one.average product.....",-0.016666666666666663,0.27777777777777773,-0.016666666666666663,Negative,0
5.0,i feel goodi feel good product,0.7,0.6000000000000001,0.7,Positive,2
3.0,"not good callsgood watching video hearing song calls, party can't hear properly.",-0.175,0.35000000000000003,-0.175,Negative,0
4.0,good product1500rs headphone best choice best good quality bass sound quality amazing,0.6071428571428571,0.5142857142857143,0.6071428571428571,Positive,2
4.0,just go itit's awesome go,1.0,1.0,1.0,Positive,2
3.0,get break side 6 month use.the medium could loaded.,0.0,0.0,0.0,Neutral,1
4.0,if want buy budget good want nice sound go 40 mm driverif want buy budget good want nice sound go 40 mm driver,0.5666666666666665,0.6666666666666666,0.5666666666666665,Positive,2
4.0,"satisfying product aman bhaimast sound krta hai product, bus jara bass i hai, ear ko thoda comfortable kami ata hai. baki beste product",0.2875,0.675,0.2875,Positive,2
4.0,"a great purchasea great purchase price range, look classy using. overall loved it.",0.4800000000000001,0.64,0.4800000000000001,Positive,2
3.0,"worst material (plastic)i've using headphone 9 months, sound quality really good problem product material, plastic, broken still working. i can't wear use, buy it. buy boat product good quality material.",0.07999999999999999,0.6,0.07999999999999999,Positive,2
4.0,package got wet insidethe medium could loaded. box got wet due rain...... but thank god product got wet..... product working good.... but alert packing,0.05499999999999998,0.43500000000000005,0.05499999999999998,Positive,2
4.0,"u consider. ok buyin 2020 i purchased product, time nice headphone price range(rs1100).the quality little bit compromised apart ok.sound quality nicebase nicenoise cancellation okbut plastic quality best ok.for online class i purchased it.if student like buying online class little bit music definitely consider it.and review 2 year usagei hope review helpsthankyou.",0.28750000000000003,0.5499999999999999,0.28750000000000003,Positive,2
3.0,googgood,0.0,0.0,0.0,Neutral,1
4.0,product good durability,0.7,0.6000000000000001,0.7,Positive,2
5.0,best voiceawesome quality style,1.0,0.3,1.0,Positive,2
4.0,product good quality aslo best.the medium could loaded.,0.7,0.6000000000000001,0.7,Positive,2
5.0,very good..sound good..best battery backup..,0.2,0.3,0.2,Positive,2
5.0,"i facing automatically bluetooth loss audio, phone start audio suddenly.connectivity bad.automatic loss audio i facing.even connected.",0.0,0.0,0.0,Neutral,1
3.0,nice output low material qualityit's sound output awesome. average noise cancellation. overall good experience audio output material quality poor. i bought 3 month ago broken. it get cracked easily.,0.21833333333333335,0.5533333333333333,0.21833333333333335,Positive,2
5.0,"good bass, low weight, easy carry.very nice quality sound system soothes ear",0.33055555555555555,0.6055555555555555,0.33055555555555555,Positive,2
4.0,amazingamazing product price range,0.0,0.0,0.0,Neutral,1
4.0,overall good product moneyoverall good product money,0.4666666666666666,0.4000000000000001,0.4666666666666666,Positive,2
3.0,nicegood product comfortable use hour,0.4,0.8,0.4,Positive,2
4.0,"it's worth it to buy (keeping price mind)sound quality very good , bass also good , comfort is avg. & built mic also avg. for me down point product noice cancelltion. otherwise product is fantastic. worth money give.",0.32920634920634917,0.466984126984127,0.32920634920634917,Positive,2
5.0,no need caption good productvery ows sound proper work bass & quality,0.23750000000000002,0.4,0.23750000000000002,Positive,2
5.0,baddal quality best,1.0,0.3,1.0,Positive,2
5.0,very good productsound quality,0.9099999999999999,0.7800000000000001,0.9099999999999999,Positive,2
4.0,"sound good, bit heavy headthe weight bit more, used",0.35000000000000003,0.5,0.35000000000000003,Positive,2
4.0,nice product. liked much.combination aux bluetooth good feature. the music clear.,0.5,0.6958333333333334,0.5,Positive,2
3.0,mike workingmike work properly call anything,0.0,0.1,0.0,Neutral,1
4.0,great purchase within budget!!!an amazing product cheap prize! definitely go it...,0.47500000000000003,0.7124999999999999,0.47500000000000003,Positive,2
4.0,bestperfect just love it.,0.5,0.6,0.5,Positive,2
4.0,"the headset tight one wear time best cost...the quality good, importantly affordable adjustment headphone tight secondly exterior part fragile...",0.24897959183673465,0.4244897959183674,0.24897959183673465,Positive,2
5.0,"amazing (bt) headphonesthe medium could loaded. so , important thing attracts buy headphone design that's much mind-blowing headphone price range , i get rockerz 1000 sale ... let's talk imp. point wanna know ..pros:-1.bass ( 5/5 )2.tereble ( 5/5 )3.build quality ( 4/5 )note :- it's depend u r using product whether roughly nicely.. u use wisely there's issue build quality.4. look ( 5/5 ) black & golden fit better one.5.mic ( 4/5)note:- there's noise cancellation i thought , bit lower others hear call also manage-able not huge issue6.bluetooth range ( 5/5 )no problem range good compared others ..cons :-1.aux cable ( 2/5 )note :- it's thin u purchase new one aftermarket hardly cost u around 30 40 if u purchase a good one .2.usb cable ( 2/5 )note :- same issue like aux one , also thin , ok adjust price range .... also i mentioned clicked photo u check assure youself ...i bought online class listening song daily basis most youtube channel say ""the bass upto mark "" i think u try really u issue , both (ears) start vibrating bass.. feel awesome.. according perspective i give ( 4.5/5 )go amazing rockerz 370.. u think review help u gain perfect knowledge headphone plzz like it.",0.2799242424242424,0.6097902097902097,0.2799242424242424,Positive,2
4.0,i appreciated producti use day personal recommendation product wonderful self,0.39999999999999997,0.4666666666666666,0.39999999999999997,Positive,2
4.0,nicei like,0.0,0.0,0.0,Neutral,1
3.0,balanced sound longtime ache ear cause cufs kinda hardsuggestions- 1. i got 2021 great indian festival 899 buy 1.2k ain't worth it. 2. try boat rockerz 450 sale priced 899 normally around 3. don't spend headphone much budget student 4. after buying product official website & purchase warranty 1. good sound quality & sound high base high balanced 2. noise cancellation good 3. bluetooth connectivity good (v 5.0) 4. come aux cable box 5. battery backup good too(1-2 day 100%-30% normal usage)dislike- 1. cufs kinda hard type though contribute good noise cancellation ear ache thumb long time usage; solution- make habit it 2. right ear cuff come loose unattached. it's like broken something come box like,0.25176783533926395,0.5131719867434154,0.25176783533926395,Positive,2
5.0,supergood,0.0,0.0,0.0,Neutral,1
5.0,very nice headphone good sound qualitycheap best! i loving it. best value money!!i wish head fitting little better.,0.5880555555555556,0.5611111111111111,0.5880555555555556,Positive,2
5.0,overall good headphone le convenient u due sizegood head6,0.19166666666666665,0.325,0.19166666666666665,Positive,2
5.0,excellentexcellent sound quality,0.4,0.4,0.4,Positive,2
5.0,superb quality budget..premium item budget price... nice one,0.8,1.0,0.8,Positive,2
5.0,not good productdon't buy waste money broke wear,-0.275,0.30000000000000004,-0.275,Negative,0
2.0,experience1-2 ghante lagataar pahenne par kaan dard ho jata hai. bahot tight hai.,-0.17857142857142858,0.2857142857142857,-0.17857142857142858,Negative,0
4.0,nice one boat headphones.,0.6,1.0,0.6,Positive,2
5.0,"best headphone everit's one half year quality excellent. the bass, treble, sound effect sound best. especially meant song lover",0.4354166666666667,0.5083333333333333,0.4354166666666667,Positive,2
4.0,boatits nice ear problem,0.6,1.0,0.6,Positive,2
5.0,"best product affordable ,don't worry go want iti liked everything ,i expect product awesome,i satisfied thankyou amazon great product .",0.7250000000000001,0.7125,0.7250000000000001,Positive,2
4.0,"good headphone price rangesoverall it's good headphones, wired option well. for gaming, in bluetooth mode sound abit slow since come wire options, fine use wire. the bass also ok. but problem comfortablity, sponge abit hard headphone tight, comfortable long use.",0.19512987012987013,0.5024891774891775,0.19512987012987013,Positive,2
5.0,surab productlooking beautiful ðŸ¤©,0.85,1.0,0.85,Positive,2
4.0,goodthis product totally awesome!!,1.0,1.0,1.0,Positive,2
5.0,battery life goodbattery life good,0.7,0.6000000000000001,0.7,Positive,2
4.0,worth,0.3,0.1,0.3,Positive,2
5.0,"audio goodvery nice,",0.6,1.0,0.6,Positive,2
4.0,must buythe medium could loaded. best quality,1.0,0.3,1.0,Positive,2
3.0,okay,0.5,0.5,0.5,Positive,2
5.0,outstandingit's really amazing headphone headphone sound quality smooth high quality,0.38999999999999996,0.585,0.38999999999999996,Positive,2
5.0,nice productworth money ... purchased niece enjoying sound quality..good purchase,0.5,0.6666666666666666,0.5,Positive,2
5.0,value moneynice disign good sound quality,0.55,0.5,0.55,Positive,2
5.0,supersuper,0.0,0.0,0.0,Neutral,1
5.0,good product,0.7,0.6000000000000001,0.7,Positive,2
2.0,"not long lasting, poor bassrealised day 1 - due hard plastic small size sliders, one going last long.lasted 6 months.have used boat bass head 900 - better sound quality lasted two years.quality gone downhill.bye bye boat. never again.",-0.029166666666666684,0.3783333333333333,-0.029166666666666684,Negative,0
5.0,best headphone long battery backupits best headphone long battery backup. i'm used play song whole day still battery draining quickly. just love sound quality comfort wearing,0.4166666666666667,0.4125,0.4166666666666667,Positive,2
4.0,very nice.noise cancellation medium. rest fantastic.,0.30000000000000004,0.6,0.30000000000000004,Positive,2
5.0,good basegood,0.7,0.6000000000000001,0.7,Positive,2
4.0,good valued headphonesquality good enough. however bass average.,0.22000000000000003,0.52,0.22000000000000003,Positive,2
2.0,the mic working properly.the mic working properly. i think worth buying. i trying replace getting assistance.,0.15,0.1,0.15,Positive,2
4.0,"decentdecent product thing paining ur ear ,,so u cant wear long...its bit tight",-0.17857142857142858,0.2857142857142857,-0.17857142857142858,Negative,0
3.0,good productnice,0.7,0.6000000000000001,0.7,Positive,2
4.0,satisfactorythe medium could loaded.,0.0,0.0,0.0,Neutral,1
4.0,nice product ðŸ¦Šaudio quality really nice...,0.6,1.0,0.6,Positive,2
2.0,below averagethe sound quality good working properly bluetooth mode.... i can't use bluetooth mode making sound hearing sometimes....,0.375,0.375,0.375,Positive,2
4.0,after trying 4 month reviewthe medium could loaded. after trying 4 month nothing problem headphone noise cancellation phone headphone good sound base quality high i suggest buy product le costly quality good,0.23200000000000004,0.628,0.23200000000000004,Positive,2
5.0,super soundsuper sound boat,0.3666666666666667,0.5333333333333333,0.3666666666666667,Positive,2
5.0,"thing come headphonethis product come box warranty cable,audio jack ear cup etc",0.0,0.0,0.0,Neutral,1
5.0,value money,0.0,0.0,0.0,Neutral,1
4.0,"amazingly coolthis headphone light weight, make cool. sound quality seems clear & loudness normal earphone. it con connect aux key working(only work bluetooth on)",0.2857142857142857,0.6690476190476191,0.2857142857142857,Positive,2
4.0,goodnice,0.0,0.0,0.0,Neutral,1
5.0,fantastic purchase...loved itsound quality superb!! bass great. crystal clear sound. mic really good.light weight. it's heavy head. ear cup comfortable.,0.3277777777777777,0.6037037037037036,0.3277777777777777,Positive,2
3.0,disappointedthe overhead strap broke within 3days purchase also facing bluetooth connectivity issue i can't even claim warranty,0.0,0.0,0.0,Neutral,1
5.0,"mind blowing purchasewriting 1 year using product. it's awesome product nice battery backup , sound extremely good .overall good go product value money",0.68,0.72,0.68,Positive,2
5.0,very nice product.very nice product.,0.69,1.0,0.69,Positive,2
5.0,very nice,0.78,1.0,0.78,Positive,2
3.0,it broke in a monthbass sound quality noise cancellation work higher volume comfortable,0.35000000000000003,0.5666666666666668,0.35000000000000003,Positive,2
5.0,good productit best quality 1 thousand sound best,0.775,0.4000000000000001,0.775,Positive,2
5.0,boat,0.0,0.0,0.0,Neutral,1
4.0,nice quality productnice quality,0.6,1.0,0.6,Positive,2
5.0,very nice product i impressedthe medium could loaded.,0.78,1.0,0.78,Positive,2
5.0,no need mic separatelynice,0.0,0.0,0.0,Neutral,1
4.0,"good headphones, just feel little clumsytheyre good pair headphones, bluetooth compatible aux u connect pcthey feel little clumsy im afraid cusioning might come also dont cover whole ear7/10 would recommend (moderately)",0.04062499999999999,0.575,0.04062499999999999,Positive,2
4.0,sound quality goodthe medium could loaded. it's good i like it.,0.55,0.5,0.55,Positive,2
3.0,overall goodthe medium could loaded.,0.0,0.0,0.0,Neutral,1
2.0,sound issuesquality good sound issuessounds properly hear ...,0.375,0.375,0.375,Positive,2
5.0,sound quality excellent... most expensive product,0.35,0.6499999999999999,0.35,Positive,2
4.0,brilliant product !!!amazing product !! specially build quality... design & control well ! some special area mentioned.. i.e. bass good vocal clear... bluetooth connectivity also strong !! noise cancellation upto mark ok & aux cable quality weak think new aux cable need purchase need dual connectivity otherwise bluetooth stong work! one thing specially mention bass quality romours bass eliminated ! but totally wrong bass exist strong help hear vocal clearly also ear damaged ! one last earcups comfy & also headphone adjust well head... overall weight also good !with low medium budget valuable product !!,0.234844795356159,0.5406286894923258,0.234844795356159,Positive,2
5.0,good productrecommend buy.,0.7,0.6000000000000001,0.7,Positive,2
5.0,awesomeamazon=perfectionboat=best beast,0.0,0.0,0.0,Neutral,1
5.0,brilliant product happy the medium could loaded. all good ðŸ¤©,0.8000000000000002,0.8666666666666667,0.8000000000000002,Positive,2
2.0,"poor qualitypoor quality, headphone broken using 5 months.",-0.4,0.5,-0.4,Negative,0
4.0,a reasonable choice price.writing review using 1 week*the rating i giving according preference keep mind price also.sound quality- 3.5/5 - the sound could bright bass good. vocal separation okayish.comfort- 3/5- the earcups soft start hurt long use.build- 3.5/5 - the build plastic matte finish. it fragile break easily unless really try.battery-4.5/5- the battery life quite impressive. my daily use 5-6 hour easily lasted around 6-7 day single charge also get aux cable run battery.i also boat rockerz 450 sound quality slightly better way comfortable wear headphone long time continuously go also cost build quality quite good too.,0.3076441102756893,0.5226817042606516,0.3076441102756893,Positive,2
3.0,discomfort size softnessdiscomfortable using long time,-0.05,0.4,-0.05,Negative,0
4.0,sound quality worth price sometimes sound headphone lag behind ... but that's rare ... overall correct option u looking headphone limited budget,0.1326530612244898,0.37755102040816324,0.1326530612244898,Positive,2
2.0,worth 1kstresses ear used hour.. comfys ears. the sound keep coming headset kept higher volume even golden colour would start fade slowly,0.19,0.38,0.19,Positive,2
4.0,nice nice,0.6,1.0,0.6,Positive,2
4.0,qualityitem quality good reasonable price,0.44999999999999996,0.6000000000000001,0.44999999999999996,Positive,2
1.0,"avoid buying this. don't fall cheap pricethe headphone broke 3-4 month use. the build material good fragile. if want headphone use traveling, avoid high chance breaking down. warranty good nothing center far it'll cost half price ofthis headphone visit service center. there's also latency issue headphone. avoid headphone.",0.15377777777777774,0.45955555555555555,0.15377777777777774,Positive,2
5.0,good nice good product,0.6666666666666666,0.7333333333333334,0.6666666666666666,Positive,2
5.0,good product sound quality.,0.55,0.5,0.55,Positive,2
4.0,"nice productthe headhpones good quality aux cable working properly. it working good month, working properly. the sound quality good delay acceptable. overall good product",0.4222222222222222,0.4444444444444444,0.4222222222222222,Positive,2
5.0,good good,0.7,0.6000000000000001,0.7,Positive,2
5.0,excellent productexcellent product,1.0,1.0,1.0,Positive,2
5.0,superb quality exllent superb,1.0,1.0,1.0,Positive,2
4.0,nice headphonesthe headphone work well seems much bass even show instrumental music. quality ok premium. they noise canceling!,0.35833333333333334,0.6666666666666666,0.35833333333333334,Positive,2
5.0,blindly go itgreat sound music lover gamer,-0.04999999999999999,0.5333333333333333,-0.04999999999999999,Negative,0
1.0,"don't buy itit's worst product boat. firstly i got defected product. then i replaced used 1 month got problem connecting device, broke one side , problem on/off button also. and i option buying new headset it'll replace also. buy product boat one!!!!!!!!! disgusting product",-0.1875,0.696969696969697,-0.1875,Negative,0
4.0,good entertainment online meeting microphone quality really poor.audio quality good. easy operate. microphone quality poor. not recommended online meeting voice calls.,0.32666666666666666,0.5666666666666667,0.32666666666666666,Positive,2
5.0,supparasuper proudta,0.0,0.0,0.0,Neutral,1
5.0,very goodsound good,0.44999999999999996,0.45000000000000007,0.44999999999999996,Positive,2
3.0,"good, need improvementsound headphone really good, comfortable ear. possible, size headphone equal. after wearing headphone started hurting ears. need improve.",0.36,0.65,0.36,Positive,2
3.0,nicenice,0.0,0.0,0.0,Neutral,1
3.0,goodkuch accha ni laga ba wireless aur wire dono h ba wo laga,0.0,0.0,0.0,Neutral,1
5.0,quite nice sound applenice quality style sound bass good,0.39,0.58,0.39,Positive,2
3.0,designi like design product . after using product understood use jogging u use u face sound problem heavy shake overall soft use work home use .,0.07500000000000001,0.3125,0.07500000000000001,Positive,2
3.0,disappointednot best headphone price range i expected type sound quality boat i using boat product long time i'm really disappointed bass lover like prefer buying boat rockerz 570 way better headphone term sound quality build quality.,0.15625,0.45625,0.15625,Positive,2
4.0,full review plz read buying headset.hi i going give clear review headset.first sound quality supper.bass also good come according song requirment.noice cancellation ok.battery backup powerful.it's sound processing awesome.i noticed sound left speaker come loud basse whereas right vocal therefore sound generated feel like surrounding sound.but irritating something due effect sound come properly.but biggest backpoint confort can't continues 1 hr after time ear start paining.overall perfect product value money. please tell sound left speaker right speaker headphone problem.,0.2762605042016807,0.4693977591036415,0.2762605042016807,Positive,2
4.0,"battery good mic absolutely notthe battery life amazing ðŸ¤© mic quality worst, one hear well i use mic even i speak lot louder.",0.125,0.85,0.125,Positive,2
4.0,yyyybass low... volume accha hai,0.0,0.3,0.0,Neutral,1
4.0,goodbest price range,0.0,0.0,0.0,Neutral,1
4.0,"boat rocker really rock !starting thing come inside boat rockerz 370 wireless headset , on ear headphone, micro usb cable(to charge headset), 3.5mm audio cable (to connect headset phone), manual, warranty card(one year warranty card).starting review product.personally really liked product, sound quality awesome loud increasing volume max able hear outside voice even though noise cancellation mentioned product description, bass headset really better product price range.talking bluetooth connectivity really instant, within fraction second get connected device , use product first time take little time ie.4-5 second connectand battery backup good i charged headset since day arrived ie 3 day extensive use.boat rocker 370 surely better product price range every aspect i liked short length extension headset provides company short cushion cup soft ear start paining using 1-2 hours.",0.2346590909090909,0.4390151515151515,0.2346590909090909,Positive,2
4.0,"not comfortablenot comfortable use cushion pad press ear tightly get irritated 10 min use. better go one bigger ear pads, cover full ear. there return policy also, i return it. better go this. sound build quality ok.",0.30892857142857144,0.5044642857142858,0.30892857142857144,Positive,2
4.0,average rounderit good mean sound good price range. but build quality upto mark may break easily edge importantly charging point aux cable creating problem device device perform okay. so problem price range think okay.,0.3523148148148148,0.613425925925926,0.3523148148148148,Positive,2
4.0,value moneygood headphone good sound quality. value money.,0.55,0.5,0.55,Positive,2
5.0,"noise cancellation?? my son can't hear me when i'm right next to him!! :)my son say sound awesome (all-caps = excitement level!), he's 14 year old that's huge compliment amazing product. a noise cancellation, even hear i'm right next speaking directly - that's good is!the build quality excellent last quite bit longer stated time single charge. he us almost constantly i seen charging couple time week.i think attractive price point kind sound usually available premium brand like jbl bose. i also bought earpods boat i'm pretty happy well. look like brand dedicated providing best user experience possible affordable price.",0.3979166666666667,0.5869047619047619,0.3979166666666667,Positive,2
5.0,perfect fit good battery lifesound quality good becomes better fit perfectly ear,0.6714285714285714,0.6428571428571429,0.6714285714285714,Positive,2
3.0,nice headphonesound good,0.6499999999999999,0.8,0.6499999999999999,Positive,2
3.0,not bad goodtoday almost 1month purchase boat headphone. the sound quality good. poor noise cancellation satisfaction equal price product. i recommend headphone looking budgetted headphone brand.if music lover plz. don't buy it.,0.20999999999999996,0.5033333333333333,0.20999999999999996,Positive,2
4.0,good headphone given prizebass quality,0.7,0.6000000000000001,0.7,Positive,2
4.0,"good price range.if search device â‚¹999 must buy this. the overall performance good although can't use 2-3 hour continuously start little pain ear yes watch movie upto 2:30 hour . the connectivity range best, hear sound clearly bass.",0.35178571428571426,0.41428571428571426,0.35178571428571426,Positive,2
2.0,"build quality is not goodthe medium could loaded. build quality good. possibility break extension points, part thin low quality plastic",0.09999999999999998,0.5833333333333334,0.09999999999999998,Positive,2
4.0,nicei like headphone new headphone got breaked use waranty card 1 year get new one?,0.13636363636363635,0.45454545454545453,0.13636363636363635,Positive,2
5.0,goodgood quantity good sound,0.55,0.5,0.55,Positive,2
5.0,worth of moneyamazon never disappoints it customer,0.3,0.1,0.3,Positive,2
4.0,"not perfect goodeverything okaay, noise cancellation, also bluetoothbin thing work like shit",-0.35,0.9,-0.35,Negative,0
4.0,everything good but...the sound quality great bass okay suggest buy gamer use headphone day long-the headphone's cushion soft using 1 hour irritate youi dont know thing get headache wear these.. see review complaining headache dont buy it..,0.39166666666666666,0.5166666666666667,0.39166666666666666,Positive,2
5.0,"value moneyi bought good music,. i bought two one one friend. they working well , itâ€™s three month battery back also damn good.. speaker semi foldable even adjust head length.. overall convenient powerful.",0.33999999999999997,0.44000000000000006,0.33999999999999997,Positive,2
1.0,"product good initially reliability issue + warranty workthe product worked fine good 6-8 months.then one day wire came left side extend rim fit head.i thought i live it.2-days ago stopped working sudden. i submitted repair. it warranty.just rejected repair request saying product damaged.well, yes faulty that's i sent repair. what else repair request mean? send device 'all good' status what???the company fooling people selling china product, selling product stating provide warranty. in reality, product perform committed send repair, ask throw - immaterial warranty not!!!18-sept-2022: i received returned faulty product refused repair. and pulled wire way wire continuity seems broken. i did not give product condition - they broke it provide replacement!!!the agency boat india appear fraudulent specially sale service!!!!!! i added 2 picture show wire brokei thinking bringing consumer court!",0.27837752525252524,0.446577380952381,0.27837752525252524,Positive,2
5.0,fabulous product i liked much.i liked sound quality,0.5,0.75,0.5,Positive,2
5.0,nice quality charging bluetooth problemthe medium could loaded. good bass i use aux bluetooth working,0.3833333333333333,0.7000000000000001,0.3833333333333333,Positive,2
5.0,loved the voice of headphonesi'm excited use headphones.,0.5375,0.775,0.5375,Positive,2
3.0,build quality poor.. plastic's flexibility less.plastic's quality poor.,-0.4,0.6,-0.4,Negative,0
4.0,goodgood,0.0,0.0,0.0,Neutral,1
2.0,this comfortable io macbook airrockerz 370 comfortable macbook air labtop. connect disconnect time waist monkey. also charging cable good purchase this.if using android okay,0.39,0.54,0.39,Positive,2
4.0,very goodvery good,0.44999999999999996,0.45000000000000007,0.44999999999999996,Positive,2
5.0,sound qualitythe sound quality good bass quality amazing... it's also ideal thing gift someone birthday,0.47500000000000003,0.6333333333333334,0.47500000000000003,Positive,2
2.0,"not worth price useless productthis product unfit calling lag time can't hear sound, connectivity bluetooth worst time can't hear voice go blank .",-0.25,0.34,-0.25,Negative,0
4.0,plastic bad qualityplastic bad quality.it good bass.,-0.21249999999999994,0.6083333333333334,-0.21249999999999994,Negative,0
3.0,sound good bluetooth connectivity hardware poor.bluetooth connectivity hardware quality inside poor. it much costier regarding quality .,0.22500000000000003,0.45,0.22500000000000003,Positive,2
5.0,ear cushion could soft comfortable.ear cushion could soft comfortable. and slightly bigger radius.,0.15000000000000002,0.5,0.15000000000000002,Positive,2
4.0,"low budget acha qualitytoday, i got headphone nice colour quality",0.3,0.65,0.3,Positive,2
5.0,amazinggreat experience,0.0,0.0,0.0,Neutral,1
2.0,a headphone good mic really really badi bought office online meetings. however mic verymuch troublesome,0.44999999999999996,0.4,0.44999999999999996,Positive,2
1.0,"not worth itthe headphone play music normally good call meeting all. it connect macbook matter much i try. i needed work laptop connect wireless earphone mac turn out, headphone it. very frustrated unhappy purchase.",-0.15199999999999997,0.41200000000000003,-0.15199999999999997,Negative,0
4.0,best headphone low cost.noise cancelation unavailable headphone.size headphone needed extention.plastic weak.,0.20833333333333334,0.4083333333333334,0.20833333333333334,Positive,2
4.0,"it's good notice cancellationit's good range noise cancellation working good , i personally found whenever i go outside talk call difficult receiver hear voice calling i suggest head phone otherwise good",0.32857142857142857,0.5357142857142857,0.32857142857142857,Positive,2
5.0,"super sound clarity without raspinesssoft sound clarity, volume, noise block. and get used using control positioned behind ear & gradutions clear. eventually get used it. might feel sweaty sometime awesome product. worth every paisa spent this.",0.25416666666666665,0.46875000000000006,0.25416666666666665,Positive,2
4.0,"try improve quality bassthe bass quality good ,the sound crack listening high bass sound.the sponge cushion soft which, can't listen music several hours. i think try improve product customer",0.1514285714285714,0.41285714285714287,0.1514285714285714,Positive,2
5.0,besttheek hai par mujhay 200 rupee mahga pda,0.0,0.0,0.0,Neutral,1
5.0,"value money best headphone pricegood looks,amazing sound quaity bad thing uncomfortable coz cheap quality coushin",0.12000000000000002,0.6133333333333333,0.12000000000000002,Positive,2
5.0,average price pointaverage product,-0.15,0.39999999999999997,-0.15,Negative,0
2.0,worst durabilityeverything fine except durability. i brought product may within month broken. if durability bit better would awesome product small price,0.04444444444444445,0.6333333333333333,0.04444444444444445,Positive,2
3.0,mic goodnice mic good,0.7,0.6000000000000001,0.7,Positive,2
4.0,it good but bass not goodafter reviewing i bought headphone. but bass good.,0.27499999999999997,0.55,0.27499999999999997,Positive,2
4.0,good averagegodd,0.7,0.6000000000000001,0.7,Positive,2
4.0,"elegant lightweight good kids..good student e-classes. lightweight, elegant..wireless wired (with aux)...good spec price range....just check size figment head...was perfect fit, son, didnt cover ear fully...but since purchased him, i concerns...he boathead overall good product !!",0.6,0.6,0.6,Positive,2
1.0,waste moneythe build quality cheap broke month using. the return policy 15 days. cannot return now. it waste money. don't buy boat product ever. very cheap plastic material used.,0.13,0.40249999999999997,0.13,Positive,2
4.0,"simply amazing budget !!i using past 2 days, amazing product boat.earlier using boat wired earphone still running bdw, sound quality headphone good, youth connect swag there, love & recommend others buy it.",0.48125,0.6083333333333333,0.48125,Positive,2
5.0,verey goodthe medium could loaded. good quality sounds..,0.7,0.6000000000000001,0.7,Positive,2
3.0,not badnot bad,-0.6999999999999998,0.6666666666666666,-0.6999999999999998,Negative,0
3.0,headphonethis best headphone boat colour material weak colour gone 4months btw nice headphone,0.4083333333333334,0.6416666666666667,0.4083333333333334,Positive,2
3.0,bass quality soundbattery excellentbass average,-0.15000000000000002,0.44999999999999996,-0.15000000000000002,Negative,0
2.0,outdated. average.build quality cheap. very delicate. the earlier version better build quality. sound also average. sound outdated lack clarity. lack punch. over one feel outdated. they shud discontinue model.,-0.004000000000000015,0.5800000000000002,-0.004000000000000015,Negative,0
4.0,nice colornice product every try one,0.6,1.0,0.6,Positive,2
5.0,s.gotwalgood soundnice products.gotwal.....,0.0,0.0,0.0,Neutral,1
5.0,go itoverall performance best,1.0,0.3,1.0,Positive,2
5.0,powerful basso like much,0.25,0.6,0.25,Positive,2
4.0,"value moneyafter using month, good quality headphone value money. only con long use donâ€™t recommend itâ€™s bit small ear pain time often. bigger pro - battery life unmatched",0.07999999999999999,0.58,0.07999999999999999,Positive,2
3.0,"#average, #nice.sab kuch average h.price ke hisab se ear pain hota h.",-0.15,0.39999999999999997,-0.15,Negative,0
2.0,not good attending call mic good qualitythere problem mic. it good call it. a person side able hear properly even speak louder.,0.30999999999999994,0.5050000000000001,0.30999999999999994,Positive,2
5.0,good,0.7,0.6000000000000001,0.7,Positive,2
4.0,packing satisfying. product also nice.packing satisfying. product also nice.,0.5333333333333333,1.0,0.5333333333333333,Positive,2
3.0,"aux connected pc laptop,aux cable quality poor,aux cable quality cheap.. even not supported pc laptop.. sound quality bass average ,not like surround sound, and cant used devise charging.. device ..and it take too much time 3.5hr changing comparing other device.. well buy offer 700/-rs worth..",0.15937500000000002,0.384375,0.15937500000000002,Positive,2
2.0,very uncomfortable wearhurt ear wore hour,-0.65,1.0,-0.65,Negative,0
4.0,best headphone good quality bass quality goodnice product best headphone good quality bass quality good.,0.5428571428571428,0.48571428571428577,0.5428571428571428,Positive,2
1.0,worst productworst product every buyed uncomfortable ear connecting issue even connect phone pocket worst product even use returned product,-0.8333333333333334,1.0,-0.8333333333333334,Negative,0
4.0,"sound punchysound good but, play 90% sound volume, punchy music sound quality bad.",0.24000000000000005,0.4933333333333333,0.24000000000000005,Positive,2
5.0,how could better?it broke 2-3 month purchase. built qlty poor.,-0.4,0.6,-0.4,Negative,0
1.0,waste moneythis headphone useless broken within months. i bought broke waste money. i'm still trying return i can't. can anyone help this!,-0.3375,0.15000000000000002,-0.3375,Negative,0
5.0,superbexcellent headphone but improve volume control button,0.0,0.0,0.0,Neutral,1
3.0,bad productbad product body weak first day hard hurt ear 1 month loose drop ear . even shape changed oval,-0.23871794871794866,0.4871794871794871,-0.23871794871794866,Negative,0
3.0,ok upto markwhen hear u find jarring sound. it started day.when return window closed.,0.26666666666666666,0.3333333333333333,0.26666666666666666,Positive,2
5.0,best design headphone price. loved battery backupthis great product came across. really loved sound quality. the bass properly balanced. the little tight ear think get along uses. great design good colour combination.,0.41672077922077927,0.5259740259740261,0.41672077922077927,Positive,2
4.0,value moneyindian brand trust. a decent product price.,0.16666666666666666,0.6666666666666666,0.16666666666666666,Positive,2
5.0,"looking good , best quality nice designe",0.7666666666666666,0.6333333333333334,0.7666666666666666,Positive,2
3.0,180` rotating expect90` rotating,0.0,0.0,0.0,Neutral,1
5.0,supersuper,0.0,0.0,0.0,Neutral,1
5.0,happy satisfied.youtube/yt music. it connected well newly bought boat usb cable. niche ! good manufacturers.,0.5568181818181818,0.6848484848484849,0.5568181818181818,Positive,2
5.0,very good product good qualityvery good quality,0.7699999999999999,0.6600000000000001,0.7699999999999999,Positive,2
5.0,boat rocketzsuper nice,0.6,1.0,0.6,Positive,2
2.0,"waste money, one worst product life. go ear bud rather it.really worst product. wasted 1000 it, starting working good. but month started making creepy noise beat bass music.",-0.29375,0.525,-0.29375,Negative,0
3.0,"mic weeksound quality & battery good.only pain mic. on calls, speak loud, get voice through.",0.1,0.8,0.1,Positive,2
4.0,"it good productthe aux cable got damaged easily, even i handled care",0.5666666666666667,0.7166666666666668,0.5666666666666667,Positive,2
1.0,poor build qualitythe sound quality ok poor build quality. if keep adjusting strap break within month. i much better experience brands. their extended warranty use.don't buy,0.12,0.52,0.12,Positive,2
4.0,superb qualitysuperb quality lowest price,1.0,1.0,1.0,Positive,2
4.0,pocket friendly perfect music binge lazy afternoonsi liked lot cool tone color make look good sound noise canceling awesome.,0.5218750000000001,0.74375,0.5218750000000001,Positive,2
4.0,great dealeverything is great but the sound quality can be much better â€¦..but overall impressive and bass is also great â€¦â€¦if you are considering buying this for gymming and exercise and kind of other such purpose then do buy it â€¦..but if you are buying for gaming please first and have some other choice too because of latency rate â€¦..thatâ€™s all,0.36538461538461536,0.5487179487179488,0.36538461538461536,Positive,2
2.0,ear hurtingmy ear hurt like someone pressing force,0.0,0.0,0.0,Neutral,1
2.0,disappointedsound quality & bass quality upto mark..after using hour ear getting pain..,-0.15000000000000002,0.5,-0.15000000000000002,Negative,0
4.0,affordable le comfortproduct best quality comfortable wear long duration.,0.44999999999999996,0.5,0.44999999999999996,Positive,2
4.0,"good u want cheap headphone good quality audiogot today , would update case notable event , great product boat comfort could better start causing ear pain hour use , bass good , thumping base make , moreoever , build quality could better using metal instead plastic point headband stretch , got birthday gift , must say , good gift ,before buying , watch bideos unboxing review thobravado boat making product available le price",0.41250000000000003,0.6041666666666666,0.41250000000000003,Positive,2
4.0,nice productthe base really good. value range money.i really liked it.,0.27499999999999997,0.8500000000000001,0.27499999999999997,Positive,2
5.0,"superb sound qualitybest product range, boat always rock",0.7,0.7,0.7,Positive,2
3.0,"uncomfortable sometimecons.1.uncomfortable using 2hrs2.build quality cheap, plastic might break careful3.minor connection problems4.no mic btwpros.1.good sound quality, bass good2. battery life good even use full volume3.padding soft still extended period time4.worth money spent want ""cheap good"" headphone",0.22999999999999998,0.55,0.22999999999999998,Positive,2
3.0,good one code wire diffectivethe sound qulity goof,0.55,0.5,0.55,Positive,2
5.0,quality goodproduct good,0.7,0.6000000000000001,0.7,Positive,2
5.0,greatgreat experience,0.0,0.0,0.0,Neutral,1
3.0,it feature mentioned product.it feature mentioned product. mostly able connect mobile laptop time. and anyhow time get connected then. if get call watch video song voice/sounds gap come sound distorted.,0.45,0.5125,0.45,Positive,2
4.0,"good value money.i like sound quality. nice bass, also love cushion support. my problem would head band tight feel uncomfortable 15-20 mins.",0.19591836734693882,0.626530612244898,0.19591836734693882,Positive,2
5.0,mind blowing superbawesome product,0.0,0.0,0.0,Neutral,1
2.0,"bad build quality serviceeverything nice build quality poor. bought 2months ago broke now. plus service bad. like apply hand hand delivery service centre near otherwise go service centre respective problem. like what's logic? can't near costumer apply home home service? emailed problem website response, like one side.",-0.14285714285714282,0.5476190476190476,-0.14285714285714282,Negative,0
4.0,bluetooth connectivitysound quality doubt good point becoz boat company feel bluetooth connectivity little bit pathetic sometimes connect anybody else's phone make sure tht u ur phone near 2 u otherwise there's glitch i heard google dangerous due ray i'll recommend u charge even 90 % battery becoz glitch start occur otherwise yes fall exercising that's good point 2 me. overall since 2 month usage good i keep box usage i got reasonable price grrt fr !,0.0943181818181818,0.5876262626262626,0.0943181818181818,Positive,2
4.0,"bluetooth not workingi purchased headphone 24th august 2021. but last some day bluetooth not working, i am facing lot problem from last some day i want exchange product. i expected this authentic brand (boat) i very disappointed so i want you figure out this problem resolve it asap.",-0.11500000000000002,0.45166666666666666,-0.11500000000000002,Negative,0
4.0,goodgood product,0.0,0.0,0.0,Neutral,1
3.0,"good product need improvementall thing good.but annoying thing whenever lower volume le 50%,one side headset stop working seconds.this case connect bluetooth.above 50% work totally fine.no issue using aux cable even decrease volume 50%..bass good..overall good product need improvement bluetooth connectivity mode.",0.14999999999999997,0.7125,0.14999999999999997,Positive,2
5.0,goodgood,0.0,0.0,0.0,Neutral,1
5.0,more expected i little worried product..how i brought online.....but i expected .....it week i brought it....now let's hope work good future....,0.13541666666666666,0.42083333333333334,0.13541666666666666,Positive,2
1.0,"poor quality productsuch poor quality product brand i've ever seen, poslished attractive outside, inner material bad nature.after using two months, breaked suddenly wearing, weird is..... don't purchase guys, even company take guarantee exchange, i'll suggest choose different brand.",-0.1333333333333333,0.5759259259259258,-0.1333333333333333,Negative,0
4.0,it osmproduct simply great,0.8,0.75,0.8,Positive,2
2.0,"try another productvery build quality bad, broken sometime.sound quality good.average bluetooth connectivity.totaly china made product.",-0.5499999999999999,0.5333333333333333,-0.5499999999999999,Negative,0
4.0,"worth moneysound quality, noise cancellation, bass quality, good comfortable wear long time",0.24,0.48,0.24,Positive,2
4.0,goodgood item,0.0,0.0,0.0,Neutral,1
2.0,best,1.0,0.3,1.0,Positive,2
1.0,happy purchasegot delivered today issue connectivity mac m1. unstable doesnt connect all.works fine mobile mac,0.6083333333333334,0.75,0.6083333333333334,Positive,2
4.0,"good product, head band short men..crack noted slide stripshort head strip.. hidden crack noted slide",0.17777777777777778,0.41111111111111115,0.17777777777777778,Positive,2
4.0,good default charger resivedgood product upto mark,0.7,0.6000000000000001,0.7,Positive,2
5.0,bestbest,0.0,0.0,0.0,Neutral,1
1.0,one month hi hua hai kharab ho gya na hora hai na device status btara hai paisa westthe medium could loaded. totally west money hai 1month hi complete hua kharab bhi ho gya hi nhi hora hai na kuch status btara hai warranty bhi show nhi hori,0.05,0.575,0.05,Positive,2
4.0,excellent battery backup... excellent sound quality,0.7999999999999999,0.7999999999999999,0.7999999999999999,Positive,2
4.0,"mic poor, person able listen properly voicegood quality audio, good phone conversation, voice audible person",0.19999999999999998,0.48125000000000007,0.19999999999999998,Positive,2
5.0,awaome product... i really enjoying online devotional classesevery thing likable product,0.5,0.55,0.5,Positive,2
4.0,goodnorthing,0.0,0.0,0.0,Neutral,1
4.0,good productgood headphone. nice packaging.,0.6499999999999999,0.8,0.6499999999999999,Positive,2
5.0,amazing very amazing product price shameless quality,0.6900000000000002,0.95,0.6900000000000002,Positive,2
4.0,battery extremely good.... comfort badbattery double written pack....the problem comfort is not good at all...,0.11666666666666665,0.4000000000000001,0.11666666666666665,Positive,2
4.0,super bass low product quality..btw nice product super extra bass le comfortable low built quality. we handle little care......btw nice product.,0.16174242424242422,0.5757575757575757,0.16174242424242422,Positive,2
4.0,"value money, definitely!!the ear cup large enough, thing u wear long period, gaming, might get uncomfortable....but everything else fine!",0.1712797619047619,0.4571428571428572,0.1712797619047619,Positive,2
5.0,best battery backupsound quality good battery backup good nice value money 999,0.75,0.625,0.75,Positive,2
5.0,faadjhakas,0.0,0.0,0.0,Neutral,1
4.0,better budget segmentgood product price point.,0.5,0.5,0.5,Positive,2
1.0,"not great product pricedoesnâ€™t fit well finishing bad, amazon doesnâ€™t entertain return even product doesnâ€™t fit & itâ€™s upto mark.amazon entertains replacement product bad policy buy product without trying unlike showroom/shop.",-0.19999999999999993,0.5766666666666665,-0.19999999999999993,Negative,0
4.0,"average quality soundi like sound quality decent, medium base, noise cancellation good. i used product 1 month ago.",0.06333333333333331,0.6133333333333334,0.06333333333333331,Positive,2
4.0,goodplastic cheap quality,0.4,0.7,0.4,Positive,2
4.0,"good quality careful the charging port.it's year since i using problem arrived. last month charging port came lose. i think damage done part, however i still advise little careful charging port. i gave company repair still warranty repaired without cost. other problem all.",0.03125,0.5902777777777778,0.03125,Positive,2
4.0,good quality soundbattery backup mark,0.7,0.6000000000000001,0.7,Positive,2
2.0,not goodnot comfortable wear,0.4,0.8,0.4,Positive,2
2.0,small size earspacesmall size,-0.25,0.4,-0.25,Negative,0
4.0,goodits worth money,0.3,0.1,0.3,Positive,2
4.0,perfect sound could better.this good headphone use. everything sound top class.just build quality could elevate better standard.otherwise quite good!,0.625,0.5714285714285714,0.625,Positive,2
4.0,"great product overallon high bass, voice seems crack bit. would bother extremely particular voice high levels. else great product!! the battery life significantly good price range product available facility connecting 3.5mm jack something available price range.",0.4040740740740741,0.534814814814815,0.4040740740740741,Positive,2
5.0,bass awesomenoise cancellation good bass sound great best price,0.43333333333333335,0.5083333333333333,0.43333333333333335,Positive,2
5.0,it's amazing..... ðŸ¤©ðŸ¤©ðŸ¤©i happy get boat product first time ... and sound great . a must buy product love,0.5583333333333335,0.6638888888888889,0.5583333333333335,Positive,2
4.0,nice,0.6,1.0,0.6,Positive,2
4.0,"sound ears!??everything happening okay but when use headphone without connecting bluetooth ,i mean keble wire left ear sound, checked many time wire sound right ear... this something want... maybe reason return not? feel puzzle! this fair.",0.3271825396825397,0.4803571428571428,0.3271825396825397,Positive,2
5.0,beautiful...go it!!i got absolutely beautiful packaging sad i lost it! will order one soon :(!! my bad,-0.36874999999999997,0.9166666666666666,-0.36874999999999997,Negative,0
5.0,very nice product.nice product great sound. the quality sound great well. charge last long time. received product next day safe great delivery amazon .,0.44299999999999995,0.5016666666666667,0.44299999999999995,Positive,2
1.0,"rocker 370the medium could loaded. it waste money buy crap plastic small made adults, comfortable small face , recommend anyone buy within 1month proper use extended got broken using even proper care",-0.1875,0.375,-0.1875,Negative,0
5.0,sound qualitysound quality awesome loved hear it...if i want headphone surely go it...,0.6499999999999999,0.7722222222222223,0.6499999999999999,Positive,2
5.0,bestbest,0.0,0.0,0.0,Neutral,1
4.0,:);),0.375,1.0,0.375,Positive,2
1.0,"don't buy it.one worst product i brought amazon now, return option available. the product uncomfortable wear produce lot heat resulting losing hair, buy",-0.3666666666666667,0.7999999999999999,-0.3666666666666667,Negative,0
3.0,nice productsound bass well definable price thing returned i can't wear 30 min time on-ear type ear start hurt certain period time wearing,0.22142857142857142,0.6904761904761904,0.22142857142857142,Positive,2
1.0,the charging point loose charging cable light.the charging point loose charging cable light.,0.08205128205128205,0.41282051282051285,0.08205128205128205,Positive,2
3.0,too heavy ears.uncomfortable ears.not good.,0.24999999999999997,0.55,0.24999999999999997,Positive,2
4.0,you get enough pricebluetooth headset wire support tooâ€¦the range awesome range canâ€™t ask,0.5,0.75,0.5,Positive,2
5.0,supernice,0.0,0.0,0.0,Neutral,1
5.0,good product at this rate,0.7,0.6000000000000001,0.7,Positive,2
4.0,i unable hear zoom call clearly. sound video clear break between.the headphone doesnot connect smoothly zoom call. sound video relayed break ups continuously,0.16,0.43666666666666665,0.16,Positive,2
4.0,"above averagebad material quality that..every thing good ,sound,, bass, etc",0.23750000000000002,0.4,0.23750000000000002,Positive,2
4.0,mic bed. be good mic good. used cable mic totally working.,0.4666666666666666,0.65,0.4666666666666666,Positive,2
4.0,"average product quantity.sound quality nice.not comfortable ears. can't hold hour.product quality average, especially plastic strips.",0.025,0.6499999999999999,0.025,Positive,2
4.0,ear pain anybody wore while.its nice,0.6,1.0,0.6,Positive,2
4.0,"value moneywhen got product worst,disbalanced sound,and aux cable working single gobut replacement wow happy product",0.2761904761904762,0.7380952380952381,0.2761904761904762,Positive,2
4.0,goodgood product,0.0,0.0,0.0,Neutral,1
4.0,worth ita good headphone value money battery 12 hour nice performance,0.5333333333333333,0.5666666666666668,0.5333333333333333,Positive,2
4.0,"i good experience listen music 8d 16d audio.after wearing hour more, ear start paining, i request designer make smooth earcups.",0.5333333333333333,0.5333333333333333,0.5333333333333333,Positive,2
4.0,the headphone great expected bigger,0.23333333333333336,0.5499999999999999,0.23333333333333336,Positive,2
4.0,excellentvery nice .. loved,0.6499999999999999,0.9,0.6499999999999999,Positive,2
4.0,nonice product box,0.0,0.0,0.0,Neutral,1
5.0,very nice productvery nice product,0.69,1.0,0.69,Positive,2
2.0,"you can't bear hoursthough sound quality good noise cancellation also but, can't bear hours.because ear band tightly holding head i can't even wear atleast 10 minute",0.30714285714285716,0.42857142857142855,0.30714285714285716,Positive,2
4.0,"good product.every thing could expect price range present product.made plastic sound good.but extend budget bit,you avoid product go rockerz 400",0.3666666666666667,0.3333333333333333,0.3666666666666667,Positive,2
4.0,best headphone 999it best headphone getting 1000 happy problem comfort much goodand bass slightly low suggesting buy getting 1000,0.47500000000000003,0.4333333333333333,0.47500000000000003,Positive,2
3.0,sound systemthis product awesome...that sound system good best quality colour well evanni nammav anuko mðŸ¤© g ayiootav,0.625,0.42500000000000004,0.625,Positive,2
4.0,see several others brand purchasing oneit's decent one price range.,0.08333333333333333,0.3333333333333333,0.08333333333333333,Positive,2
4.0,hurt use sometime it tighthurts ear nice wear workout,0.6,1.0,0.6,Positive,2
4.0,goodgood,0.0,0.0,0.0,Neutral,1
4.0,"best productvery valuable product. i using 3 month good, sound quality superb.",0.775,0.5750000000000001,0.775,Positive,2
4.0,"bass quality low treble find morebass quality low found treble product , please improve bass quality",-0.07500000000000001,0.4,-0.07500000000000001,Negative,0
4.0,good productlike,0.7,0.6000000000000001,0.7,Positive,2
5.0,"a decent product reasonable price!first all, hat boat. they improving product range every way can. i saw review people moaning noise cancelation, poor bass poor quality etc.. please bullshit. this good product. look price! it apt product exercise like heavy lifting. if want best bass, go boss. if want best anc, go senheisser. this economical product. boat introduce flagship anc headset soon i'm waiting it. kudos boat team.",0.23680555555555552,0.5888888888888889,0.23680555555555552,Positive,2
3.0,"good musicproduct good listening music, needed bt headphone official call seem support call all, personl unavle hear voice headphone on.",0.7,0.6000000000000001,0.7,Positive,2
3.0,could bettermain issue product start heating fast sometimes get disconnected device nothing heard.i feel uncomfortable using since ear get heated within 15 min wearing this.,-0.15,0.8,-0.15,Negative,0
5.0,"cristal clear sound, stylish perfect moment lifethis product super good sound quality, dual mode size headphone also increased. if student best online classes, listning music, making call ofcourse gaming. you spend hour wearing it!! so tag along product real. it also come aux wire use normal wire. wear rock!!",0.4867708333333334,0.57,0.4867708333333334,Positive,2
4.0,goodoverall good buy. value money,0.7,0.6000000000000001,0.7,Positive,2
4.0,good normal usegood worth,0.3833333333333333,0.45,0.3833333333333333,Positive,2
4.0,"boat wireless headphone good choice - give around 12 hr playback full charge ,well good choice good looking peice rangebut time stop working switched even pressing power button long time also cushion paddingbis soft cause pain ear prolong use , better choice market",0.42857142857142855,0.5142857142857143,0.42857142857142855,Positive,2
3.0,it's goodit's almost year since bought good normal use stuff good product aux cable lil prblm fixed,0.4125,0.5125000000000001,0.4125,Positive,2
5.0,this headphone really goodthis headphone really good. you purchase .the quality also nice,0.5,0.6,0.5,Positive,2
4.0,sound quality oksound quality ok. bass well developed,0.2125,0.425,0.2125,Positive,2
5.0,"2 month reviewhonestly worth money ask for.i've using last 2/2.5 month say better headphone i used before.pros:-1. absolutely amazing sound quality . and noise cancellation , even 70% volume enough listening .2. a edm listener, i got applaud bass quality amazingly awesome headphonecons:-1. the one con i've experienced earpain using long time.eg- watching movie binging show.overall worth try looking good headphone 1500 so.",0.3666666666666667,0.49722222222222223,0.3666666666666667,Positive,2
4.0,good product wonâ€™t recommendrockerz 370 good product noise cancellation also good design satisfactory â€¦..you canâ€™t wear long big ear go oval shaped headphones.,0.41,0.4600000000000001,0.41,Positive,2
1.0,not good product this product good regularly use 4 hour .and sound quality good,0.29,0.45538461538461544,0.29,Positive,2
1.0,worst built qualitybuilt quality bahot jyada kharab hai 2 month hi tut gya,-1.0,1.0,-1.0,Negative,0
3.0,not long use one sittinggood product money,0.025,0.4,0.025,Positive,2
4.0,product good cushion goodna,0.7,0.6000000000000001,0.7,Positive,2
4.0,awesome product sound quality awesome especially bass. quite uncomfortable using long duration. built quality average use delicately. but price range awesome. especially battery life last long 8 10 hours.,0.1708333333333333,0.713888888888889,0.1708333333333333,Positive,2
4.0,that's betterno,0.0,0.0,0.0,Neutral,1
5.0,goodgood,0.0,0.0,0.0,Neutral,1
4.0,nicegood,0.0,0.0,0.0,Neutral,1
4.0,best mobile laptop good pcbest product mobile laptop every one buy best pc,0.9,0.4000000000000001,0.9,Positive,2
4.0,"sound quality good. your ear fit inside, place headset earoverall good, got classic style black gold design.",0.3666666666666667,0.4333333333333333,0.3666666666666667,Positive,2
1.0,worst experience want refundthe medium could loaded. today delivery boy came replaced picture issue.i recieved broken boat headphone want refund replacement soon possible.,-0.4666666666666666,0.7999999999999999,-0.4666666666666666,Negative,0
5.0,"i buy rs.999 this product worth cost price easily handle it.the medium could loaded. sound quality good, noise cancellation no little cancellation sound. bass quality normal.",0.2908854166666667,0.4979166666666667,0.2908854166666667,Positive,2
4.0,"long time using ear painthis headset best quality,good sound,good model long time using ear pain",0.3,0.3666666666666667,0.3,Positive,2
5.0,soundsound good. when i turn volume max person next also able hear sound that's problem i faced far.,0.34,0.525,0.34,Positive,2
4.0,goodgood,0.0,0.0,0.0,Neutral,1
3.0,"give headache 15-20 min usagedecent price, even max extension tight head can't used long, hoping loosens soon stops, button little tacky, sound okish",-0.0040178571428571425,0.39642857142857146,-0.0040178571428571425,Negative,0
4.0,headphone,0.0,0.0,0.0,Neutral,1
1.0,product material poor sound good expected overhead phone.very poor fibre used.sound also good expected.,0.11428571428571428,0.5142857142857143,0.11428571428571428,Positive,2
1.0,not good quality. the headsize adjustment best designdesign head size adjustment somewhat horrible. could possibly better design withstanding good elongation,0.16999999999999998,0.6000000000000001,0.16999999999999998,Positive,2
4.0,ox cable damaged workingproduct good ox cable poor quality working properly,0.09999999999999998,0.4333333333333334,0.09999999999999998,Positive,2
4.0,nycgood,0.0,0.0,0.0,Neutral,1
4.0,good looking nice soundgood looking headphone nice sound comfort,0.575,0.75,0.575,Positive,2
1.0,don't parchaseafter one month bluetooth mode automatically close.....,0.0,0.0,0.0,Neutral,1
3.0,could improveif want watch youtube video listen song okay call voice quality good,0.6,0.55,0.6,Positive,2
3.0,"good quality comfort factor averagethe sound quality good comfort ear much, start hurting 30 mins.",0.5,0.45,0.5,Positive,2
5.0,most expensive productthis product amazing useful,0.22500000000000003,0.525,0.22500000000000003,Positive,2
1.0,"bluetooth functioning. wa nto download invoice.bluetooth functioning. wa able download invoice. when looking service/ repair, showing no service service/ repair amazon",0.5,0.625,0.5,Positive,2
5.0,"excellent productsuper product buy item without worries, nice product bass excellent noise cancellation also nice suggest take product .",0.6100000000000001,0.9,0.6100000000000001,Positive,2
4.0,good product price range.overall good product.,0.7,0.6000000000000001,0.7,Positive,2
4.0,the cushion came offthe cushion came sometime. had stick feviquick,0.0,0.0,0.0,Neutral,1
4.0,good quality long battery lifeoverall good product!!!,0.5499999999999999,0.5333333333333333,0.5499999999999999,Positive,2
3.0,"not worth pricedesign colour good ear pad soft, sound quality good according price. i always think may amazon sell duplicate replica item. i always felt like that.",0.35,0.41000000000000003,0.35,Positive,2
4.0,"you should guide your customer clearlyvery good quality sound. but i got right sideâ€™s ear padding detached, received. this first time u understand procedure. nobody advised u send photographs. any way please collect defective boat head phone refund full amount priority. i would like order fresh receiving refund amount",0.38095238095238093,0.4865079365079365,0.38095238095238093,Positive,2
3.0,product quite good good battery life valuable productone think i dislike product aux mode working properlyif u buying ur pc laptop useplzz buy,0.7,0.6000000000000001,0.7,Positive,2
4.0,worst productthe medium could loaded. do purchase this. after day usage broken automatically. worst material,-0.7999999999999999,0.7999999999999999,-0.7999999999999999,Negative,0
5.0,very goodvery good,0.44999999999999996,0.45000000000000007,0.44999999999999996,Positive,2
4.0,shi hthik thak h,0.0,0.0,0.0,Neutral,1
4.0,"ok priceoverall product good price tag.only con that, quite uncomfortable wear long hours.still, manage pros.",0.16249999999999998,0.625,0.16249999999999998,Positive,2
4.0,"too big still okaysound quality amazing, complain fitting head perfectly",0.525,0.625,0.525,Positive,2
4.0,boat realy rockergood product,0.0,0.0,0.0,Neutral,1
4.0,goodok,0.0,0.0,0.0,Neutral,1
4.0,awesome headphone,1.0,1.0,1.0,Positive,2
5.0,nice purchasedecent headphone value money,0.6,1.0,0.6,Positive,2
3.0,nice productgood quality. good sound. value money 1000.,0.5666666666666665,0.6666666666666666,0.5666666666666665,Positive,2
4.0,good one,0.7,0.6000000000000001,0.7,Positive,2
2.0,not mark.sound quality okay type like brand.it look cheap plastic used prepare headphone low quality.,0.3,0.5,0.3,Positive,2
4.0,good one buynice one,0.7,0.6000000000000001,0.7,Positive,2
4.0,sound qualityvery good product,0.55,0.5,0.55,Positive,2
3.0,goodgood,0.0,0.0,0.0,Neutral,1
2.0,very bad build quality after 6 month reviewthe build quality headrest bad i bought 6 month ago using casually one day broke middle head rest without reason going wear happen i donâ€™t pull hardly donâ€™t go boat build quality every product bad . very bad experience,-0.573095238095238,0.6392857142857142,-0.573095238095238,Negative,0
3.0,about headphonethis boat rockerz 370 wireless headphone perfect rock metal maniac price range value money also good sound quality good amount bass overall must buy product.{first review}{this final review} considering 9 month use product durable sudden wireless connection working electronic system fails built quality sturdy break like one reviewed already however i fixed feviquick posted photo last two photo use 9 month,0.20454545454545456,0.46969696969696967,0.20454545454545456,Positive,2
3.0,mouse qualityeverything ok.but mouse quality little slow send voice caller.it may network issues. adjustable bad.,-0.3958333333333333,0.5222222222222221,-0.3958333333333333,Negative,0
4.0,mast zabardast.good quality product.,0.0,0.0,0.0,Neutral,1
4.0,boat headphone rockerz 370i love sound quality nd bass well bass little poor mi wired earphone i like headphone nd go world listening 8d nd bass boosted musics....,-0.019642857142857153,0.5142857142857143,-0.019642857142857153,Negative,0
5.0,"it's goodwas getting ripped searched headset amazon got 899rs pretty good including dual mode, ever battery run switch wiredsound quality fine compared jbl tune500bt around 3000 r bought one 899rs worth money :)",0.4333333333333334,0.64,0.4333333333333334,Positive,2
4.0,good looking good sound well.i like product. it's value money product. sound quality good.only problem i face time place smartphone pocket turn head direction connection seam disrupt. otherwise good normal use,0.5083333333333332,0.5416666666666666,0.5083333333333332,Positive,2
3.0,"poor bluetooth connectivityi'm average height individual. when i connect rokerz 370 put phone pant pocket, connection headphone get disrupted. i hold phone hand close headset re-establish bluetooth connection.i feel cheated this.",-0.18333333333333335,0.4666666666666666,-0.18333333333333335,Negative,0
1.0,terrible productstopped working le month. now even connecting laptop. it pathetic. sound get broken i moved 2 foot away laptop. do buy.,-0.5,0.7,-0.5,Negative,0
4.0,very good product sound awesomequality good,0.6699999999999999,0.5933333333333334,0.6699999999999999,Positive,2
3.0,superi like sound feals great i dis like sound downleft side sound greater lefti feal right ear low soundthat's got,0.3979591836734694,0.4693877551020407,0.3979591836734694,Positive,2
1.0,it used beforerecommend buy,0.0,0.0,0.0,Neutral,1
3.0,good sound qualitythe product problem sound quality noise cancellation durable enough broke within 2 months. it cause pressure ear uncomfortable wearing even 1 hr max.,0.2,0.58,0.2,Positive,2
5.0,goodvery good,0.7,0.6000000000000001,0.7,Positive,2
4.0,goodgood,0.0,0.0,0.0,Neutral,1
4.0,value money,0.0,0.0,0.0,Neutral,1
4.0,"good sound quality ,noise cancellation volume high bass quality greatgood sound quality noise cancellation bass quality also good",0.2942857142857142,0.5057142857142857,0.2942857142857142,Positive,2
5.0,best pick faritâ€™s best pick headphone perfect adult listen music watch movie perfect child his/her online classes. very happy product. it nullifies outside noise n fit ear well. the best feature itâ€™s adjustable head band fit perfectly well head n childâ€™s head tooâ€¦,0.7181818181818183,0.55,0.7181818181818183,Positive,2
4.0,nice productlike,0.6,1.0,0.6,Positive,2
4.0,baselike,0.0,0.0,0.0,Neutral,1
4.0,i like itnice product,0.0,0.0,0.0,Neutral,1
4.0,best product price,1.0,0.3,1.0,Positive,2
4.0,fineok,0.0,0.0,0.0,Neutral,1
4.0,the battery duration fantastic.it start pain ear use 2 3 hr regular.if would bigger size problem also would risen.the wire given connect smart phone works.,0.10714285714285714,0.5714285714285714,0.10714285714285714,Positive,2
5.0,good productvalue money good,0.7,0.6000000000000001,0.7,Positive,2
4.0,"very good.best sound quality, heard ever.",0.30000000000000004,0.35,0.30000000000000004,Positive,2
5.0,best product priceits good product price. it connect laptop mobile wire/cable bluetooth. good (f great) noise cancellation. overall good experience,0.65,0.47500000000000003,0.65,Positive,2
4.0,i like,0.0,0.0,0.0,Neutral,1
1.0,the power buttonnever buy item power button always disturbs. the headphone it..not bad good also...,5.551115123125783e-17,0.6333333333333333,5.551115123125783e-17,Positive,2
3.0,good buythe product good. once stopped working properly; one side headphone stopped working boat company got product repaired within warrantee period.,0.4666666666666666,0.4333333333333334,0.4666666666666666,Positive,2
3.0,"decent product , standard/basicit's basic one, connectivity good sound quality decent,at price goodbut strong. it's delicate, need handled softly every time",0.21428571428571427,0.5392857142857143,0.21428571428571427,Positive,2
4.0,nice product affordable price,0.6,1.0,0.6,Positive,2
1.0,paid new product got redurnished left side workingi purchased product 28 septemberand got delivered 1 octoberi paid new product got refurnished one left side bluthood workingand get positive response amazon well boat service centerboth playing blame game,0.016666666666666663,0.3090909090909091,0.016666666666666663,Positive,2
4.0,best one cheaper sound quality v.good bass okbest one with low price,0.3125,0.375,0.3125,Positive,2
2.0,goodthe medium could loaded. jabarjast,0.0,0.0,0.0,Neutral,1
4.0,it's amazingone thing material light could break sound good look also charming,0.55,0.675,0.55,Positive,2
5.0,all good amazing bass get little distorted full volume loud songsthe medium could loaded. it's amazing headphone bass like distorted wise amazing headphone,0.31625000000000003,0.7050000000000001,0.31625000000000003,Positive,2
5.0,product amazing packing worst,-0.19999999999999996,0.95,-0.19999999999999996,Negative,0
3.0,"good price range greati liked sound quality played moderate volume. but i listen rock music highest volume sound terrible. also, mic useless, volume low.",0.07499999999999996,0.5499999999999999,0.07499999999999996,Positive,2
4.0,it's good productquality good,0.7,0.6000000000000001,0.7,Positive,2
1.0,nice sound qualityrokrez 370 best quality,0.6666666666666666,0.5666666666666667,0.6666666666666666,Positive,2
4.0,good quality.... superbsound quality bass quality good,0.4166666666666667,0.5666666666666668,0.4166666666666667,Positive,2
5.0,v good product boatgreat sound superb battery backup auxillary idea great,0.7250000000000001,0.6875,0.7250000000000001,Positive,2
5.0,paisa wasool producttotal paisa wasool productawesome battery backupsound quality good,0.7,0.6000000000000001,0.7,Positive,2
5.0,very best productvoices clear,0.55,0.38666666666666666,0.55,Positive,2
4.0,amazing sound n superb i love itsuperb,0.625,0.725,0.625,Positive,2
3.0,connected one plus audio delay connecting bluetooth.bass quality average problem facing connecting bluetooth headphone showing delay audio,-0.15,0.39999999999999997,-0.15,Negative,0
5.0,good product heavy battery backup.,0.24999999999999997,0.55,0.24999999999999997,Positive,2
4.0,very nice productà¤—à¥à¤¡,0.78,1.0,0.78,Positive,2
3.0,overall ok product go better options..overall ok product go better options..sound quality noise cancellation good..,0.45,0.43333333333333335,0.45,Positive,2
4.0,headphonesamazing! work great!,1.0,0.75,1.0,Positive,2
3.0,"good product comfort issuethe product good comfort wise well enough , 1hour ear paning",0.5249999999999999,0.65,0.5249999999999999,Positive,2
5.0,i happy buy productthe voice product good good service good behaviour customer also,0.7250000000000001,0.7000000000000001,0.7250000000000001,Positive,2
4.0,ear pain small cusion thing awesomeeverything perfect expect size cusion,0.375,0.7,0.375,Positive,2
2.0,about gaming bgminot good gaming u dont use max volume u hear foot left u start ignoring losse game definitely.,0.07499999999999998,0.375,0.07499999999999998,Positive,2
3.0,not goodgood product plastic body comfortable rough use. it great sound quality comfortable long term continuous use acpected kushions also comfortable.,0.32142857142857145,0.6214285714285716,0.32142857142857145,Positive,2
4.0,the performance amazing except comfort ear get.the product quality amazing harsh ear i use longer time continuously.,0.3333333333333334,0.8333333333333334,0.3333333333333334,Positive,2
4.0,this worth price.,0.3,0.1,0.3,Positive,2
4.0,good product.good product.,0.7,0.6000000000000001,0.7,Positive,2
4.0,average productgood quality,-0.15,0.39999999999999997,-0.15,Negative,0
4.0,till awsometill awsome,0.0,0.0,0.0,Neutral,1
5.0,worth buyingthe sound quality amazing suitable music gaming.really light weight convenient travel too.definitely worth :),0.43571428571428567,0.5642857142857143,0.43571428571428567,Positive,2
4.0,very goodvery good,0.44999999999999996,0.45000000000000007,0.44999999999999996,Positive,2
4.0,nice product,0.6,1.0,0.6,Positive,2
5.0,wonderful productbattery backup sooo goood,1.0,1.0,1.0,Positive,2
2.0,built quality ear cushion got damaged within 2 months. poor quality,-0.4,0.6,-0.4,Negative,0
